delivery_id,customer_name,address,latitude,longitude,package_weight,package_volume,priority,time_window_start,time_window_end,service_time,delivery_date
DEL_001,"Rodriguez, Figueroa and Sanchez",181 Johnson Course,-23.552101175737477,-46.63522135759967,7.238218300043422,0.5241004024827632,high,8,15,23,2025-09-22
DEL_002,Hall PLC,386 Shane Harbors,-23.553128293240228,-46.63189614192107,5.856630382688282,1.0601750473963885,low,12,16,27,2025-09-22
DEL_003,Blake and Sons,4235 Christopher Court Suite 594,-23.582562859415724,-46.677363422687165,5.900795239997069,1.2196047993642265,low,14,16,27,2025-09-22
DEL_004,Blair PLC,1849 Ray Squares,-23.575066653738965,-46.620315226251726,5.775187171635926,1.5506388451123954,low,8,18,8,2025-09-22
DEL_005,Williams and Sons,31647 Martin Knoll Apt. 419,-23.57225416121312,-46.60665770542589,6.98076124693932,0.18255584155388466,medium,12,15,17,2025-09-22
DEL_006,"Jackson, Daniel and Martin",8350 Lydia Valley Suite 641,-23.524702847726836,-46.61937010475692,15.901675087613862,1.782358321079933,medium,12,16,27,2025-09-22
DEL_007,Gentry PLC,76724 John Points Suite 969,-23.49058864371296,-46.605312124898816,19.44017434932295,1.9719208892554396,low,14,15,17,2025-09-22
DEL_008,Cox-Osborn,710 Eric Estate,-23.56161556294387,-46.57071093236644,9.438388384767064,0.8033438375220769,low,13,17,27,2025-09-22
DEL_009,"Henderson, Brown and James",480 Erin Plain Suite 514,-23.490761911800398,-46.658416915088715,15.42370963884121,0.42516343157638425,high,9,16,19,2025-09-22
DEL_010,Moore-Smith,281 Skinner Parkways Apt. 252,-23.622400958027654,-46.56531605447419,16.179994116425277,1.158204513171828,high,10,15,12,2025-09-22
DEL_011,"Ashley, Nielsen and Sellers",0154 Brian Wells Apt. 171,-23.515400014051426,-46.705749833676855,10.328537282047058,0.22575834990193974,high,13,17,11,2025-09-22
DEL_012,"Cannon, Anderson and Alvarez",8963 Jennifer Locks,-23.572647538451065,-46.66608311382293,22.906415948643318,0.9718185199160576,medium,9,16,28,2025-09-22
DEL_013,"Santos, Kim and Holmes",31509 Brianna Avenue,-23.574845051132975,-46.643181802154714,14.822356760476742,1.8058634788447063,medium,10,16,9,2025-09-22
DEL_014,Zimmerman Inc,05183 Caldwell Forest,-23.559574661125296,-46.633843817689,1.654351197905997,0.3083333476662524,high,9,18,24,2025-09-22
DEL_015,"Anderson, Walls and Duncan",76311 Gomez Loop Suite 010,-23.51533801112791,-46.618468704139666,24.90497381588237,1.1053172556883604,high,14,15,26,2025-09-22
DEL_016,Chandler-Mcbride,33872 White Mountain,-23.56297014677234,-46.700320785670264,13.655773095015482,0.6069678609098312,high,10,15,14,2025-09-22
DEL_017,Baxter Inc,108 Tanya Terrace Apt. 267,-23.592114079393877,-46.61521905939805,23.868490224266463,1.7641205867185688,medium,12,16,21,2025-09-22
DEL_018,Lewis-Morales,60647 Henderson Street,-23.476239579434054,-46.67872483617665,7.811897390491506,1.3140040402454098,high,9,16,16,2025-09-22
DEL_019,"Stanley, Tucker and Lee",98050 Breanna Parkway,-23.546264432031702,-46.687071343160774,19.576348726448675,1.1076719771708372,low,12,17,20,2025-09-22
DEL_020,"Moore, Yu and Miller",91361 Beth Canyon,-23.45828497408546,-46.62195842237478,22.028686006668014,1.6801645057862409,medium,9,15,12,2025-09-22
DEL_021,"Miller, Sandoval and Cunningham",3534 Anderson Rue Suite 751,-23.48228641524281,-46.69898134723097,2.59850957566303,1.0233818803015662,low,14,16,9,2025-09-22
DEL_022,Ellis PLC,83842 Ibarra Gardens,-23.60135979126749,-46.71316554861026,4.545610494866128,1.1025801960946826,high,11,16,22,2025-09-22
DEL_023,Mitchell-Kim,808 Huynh Cove Apt. 411,-23.548218181947522,-46.70224901597965,17.967249834068486,0.8580853699951153,high,13,17,19,2025-09-22
DEL_024,"Tran, Nelson and Jacobs",48740 Cynthia Village Suite 005,-23.514038459201895,-46.65992617887175,6.573687534817195,0.22164920302005536,low,12,16,23,2025-09-22
DEL_025,Walsh LLC,786 Daniel Spurs,-23.549179248414102,-46.62632462919557,15.962022453117424,0.5349893892411933,low,14,17,7,2025-09-22
DEL_026,Gardner LLC,2045 Rachel Fords,-23.578237643054653,-46.63577366594842,12.392655229187023,1.1245444696500337,high,12,18,12,2025-09-22
DEL_027,"Wright, Garcia and Deleon",232 Nicole Burg Apt. 563,-23.533073489595008,-46.71214688167027,5.165042901866004,0.28416854703476435,medium,10,18,18,2025-09-22
DEL_028,Moore-Haynes,73375 Hoover Well Apt. 303,-23.621848295845844,-46.61830211273046,16.997431408685888,1.9699139015953357,low,8,18,28,2025-09-22
DEL_029,Murphy-Lin,8685 Darrell Green Apt. 940,-23.59635148585284,-46.56034496697188,6.592080181046998,0.4613969260375419,medium,9,18,10,2025-09-22
DEL_030,Carlson LLC,9816 Jonathan Station Suite 088,-23.554956407131023,-46.608720068154746,23.120007182262313,0.9419484156015682,high,8,15,25,2025-09-22
DEL_031,"Ball, Harmon and Lambert",1595 Jennifer Hills Suite 656,-23.46689809112557,-46.63367691205585,24.240408303476407,1.8600972677154424,low,9,18,20,2025-09-22
DEL_032,"Phillips, Martinez and Fisher",299 Sullivan Village Apt. 443,-23.636372606391713,-46.6231956192441,22.609850205008442,0.4128105306629011,low,11,17,30,2025-09-22
DEL_033,Floyd-Lawson,7738 Leon Underpass Apt. 148,-23.544254856990626,-46.661132883697896,17.566491838203984,1.4879601030893854,high,13,18,9,2025-09-22
DEL_034,"Schultz, Rogers and Cardenas",433 Andrew Gardens,-23.542472907830483,-46.61306382933938,1.9328406541788354,1.4979006396991825,low,13,17,6,2025-09-22
DEL_035,Carr-Mack,9367 Sanchez Shoal Apt. 163,-23.505167912222596,-46.61852587673629,23.024984705385844,1.1091396570140286,low,12,15,10,2025-09-22
DEL_036,Brock Ltd,83172 Contreras Points Suite 798,-23.54432409902012,-46.630463622628334,21.61457044826817,0.8671735475047271,high,9,15,24,2025-09-22
DEL_037,Rivas-Kelley,774 Mary Harbor,-23.493293078216116,-46.600915391407355,14.348059634180192,0.7011027073557815,medium,9,17,12,2025-09-22
DEL_038,"Washington, Allen and Gonzales",45581 Edward Lights Apt. 316,-23.551781973225903,-46.62027510875384,16.314769326522413,0.9687266878838587,low,8,18,24,2025-09-22
DEL_039,Rivera-Owens,66909 Woods Knoll,-23.45089505198108,-46.63426729749498,2.2948876669410083,0.5049931933073768,medium,9,17,7,2025-09-22
DEL_040,Molina-Castaneda,893 Robinson Mews Suite 065,-23.52367890395809,-46.6587191168263,4.364797392752183,1.6841154138156333,high,10,15,26,2025-09-22
DEL_041,"Shelton, Powell and Martin",98069 Christopher Meadow Apt. 720,-23.538248039481736,-46.66061603624516,16.753023516668893,1.8839670074614974,low,10,15,8,2025-09-22
DEL_042,Gray-Lewis,6464 Thomas Summit Apt. 531,-23.551240388337995,-46.6488271488575,7.40302865071841,0.5001963441331918,medium,9,17,21,2025-09-22
DEL_043,"Williams, Johnson and Wright",232 Caldwell Port,-23.64079871914209,-46.626782106007596,21.229540975723957,0.2753670886541935,medium,14,17,6,2025-09-22
DEL_044,Marshall LLC,99124 Beth Inlet Suite 631,-23.47340721296871,-46.631582225610764,16.1092777438838,0.5977149986252616,high,11,18,22,2025-09-22
DEL_045,"Vaughn, Burton and Garcia",919 Michael Meadow Suite 185,-23.54298949730755,-46.63284312573428,22.1361066358535,1.817464285963797,high,8,17,23,2025-09-22
DEL_046,Atkinson Group,5726 Jessica Run,-23.59115929588912,-46.64722795187705,1.5248070251370172,0.7928378791217864,low,10,16,26,2025-09-22
DEL_047,Gilbert-Gillespie,6945 Mariah Corners Suite 737,-23.5504696272468,-46.62302068270458,19.612847925850346,1.779855932756917,medium,12,16,12,2025-09-22
DEL_048,"Bishop, Gray and Johnson",73545 Beard Squares Suite 808,-23.48612395163552,-46.70668601082142,20.363907138539723,1.7746907888603163,low,9,17,30,2025-09-22
DEL_049,Miller Ltd,8377 Mcguire Course Suite 363,-23.47773744513906,-46.66708494918693,21.669568695194346,1.640423701491339,medium,9,15,17,2025-09-22
DEL_050,Beck-Wood,8557 Parker Fort Apt. 351,-23.490878618639208,-46.69508280179029,5.949626079868779,1.651514550634165,medium,10,17,30,2025-09-22
